{"cameraMode":{"drawMode":0,"name":"Shaded","section":"Shading Mode"},"sceneLighting":false,"audioPlay":false,"sceneViewState":{"m_AlwaysRefresh":false,"showFog":true,"showSkybox":false,"showFlares":true,"showImageEffects":true,"showParticleSystems":true,"showVisualEffectGraphs":true,"m_FxEnabled":true},"in2DMode":false,"pivot":{"x":0.276839941740036,"y":-0.05202607810497284,"z":0.6046159267425537},"rotation":{"x":-0.11846177279949188,"y":0.8642990589141846,"z":-0.24060620367527009,"w":-0.42552658915519717},"size":1.620195746421814,"orthographic":false}